Number,Player,Position,Born,Age,Nationality,Height,Fav leg,Since,Before,Contract,Value,Club,
35,Filip Bednarek,Goalkeeper,26 sep 1992 (28),28,Poland,1.88,Right,01.07.2020,SC Heerenveen,30.06.2022,0.700,Lech Poznañ,
1,Mickey van der Hart,Goalkeeper,13 jun 1994 (26),26,Netherlands,1.88,Left,01.07.2019,PEC Zwolle,30.06.2022,0.550,Lech Poznañ,
31,Krzysztof Bakowski,Goalkeeper,4 jan 2003 (18),18,Poland,1.9,Both,04.02.2019,Lech Poznañ U19,30.06.2022,0.200  ,Lech Poznañ,
37,Lubomir Satka,Centre back,2 gru 1995 (25),25,Slovakia,1.88,Right,19.07.2019,DAC Dunajska Streda,30.06.2023,2.50  ,Lech Poznañ,
18,Bartosz Salamon,Centre back,1 may 1991 (30),30,Poland,1.94,Right,09.01.2021,SPAL,30.06.2024,0.650  ,Lech Poznañ,
16,Antonio Milic,Centre back,10 mar 1994 (27),27,Croatia,1.9,Left,10.01.2021,RSC Anderlecht,30.06.2023,0.600  ,Lech Poznañ,
4,Thomas Rogne,Centre back,29 jun 1990 (30),30,Norway,1.93,Right,01.01.2018,IFK Göteborg,31.12.2021,0.400  ,Lech Poznañ,
27,Tymoteusz Puchacz,Left back,23 jan 1999 (22),22,Poland,1.8,Left,09.01.2017,Lech Poznañ U19,30.06.2023,3.50 ,Lech Poznañ,
3,Vasyl Kravets,Left back,20 aug 1997 (23),23,Ukraine,1.85,Left,11.09.2020,CD Leganés,30.06.2021,0.800  ,Lech Poznañ,
74,Krystian Palacz,Left back,19 jul 2003 (17),17,Poland,1.8,Left,27.01.2021,Lech Poznañ II,30.06.2024,0.100  ,Lech Poznañ,
44,Alan Czerwinski,Right back,2 feb 1993 (28),28,Poland,1.81,Right,01.08.2020,Zag³êbie Lubin,30.06.2023,1.00  ,Lech Poznañ,
28,Filip Borowski,Right back,6 oct 2003 (17),17,Poland,1.8,Right,27.10.2020,Lech Poznañ II,31.12.2023,0.100  ,Lech Poznañ,
6,Jesper Karlström,Defensive midfield,21 jun 1995 (25),25,Sweden,1.82,Right,01.01.2021,Djurgardens IF,30.06.2024,1.50  ,Lech Poznañ,
30,Nika Kvekveskiri,Defensive midfield,29 may 1992 (29),29,Georgia,1.84,Right,29.01.2021,Toby³ Kostanaj,30.06.2023,0.600  ,Lech Poznañ,
25,Pedro Tiba,Centre midfield,31 aug 1988 (32),32,Portugal,1.74,Right,02.07.2018,SC Braga,30.06.2022,1.00  ,Lech Poznañ,
43,Antoni Kozubal,Centre midfield,18 aug 2004 (16),16,Poland,1.77,Right,27.01.2021,Lech Poznañ II,30.06.2024,0.100  ,Lech Poznañ,
11,Filip Marchwinski,Attacking midfield,10 jan 2002 (19),19,Poland,1.87,Both,12.12.2018,Lech Poznañ U19,30.06.2023,2.50  ,Lech Poznañ,
10,Dani Ramírez,Attacking midfield,18 jun 1992 (28),28,Spain,1.75,Both,06.02.2020,£KS £ódŸ,30.06.2023,1.50  ,Lech Poznañ,
38,Jakub Kaminski,Left winger,5 jun 2002 (19),19,Poland,1.79,Right,18.12.2018,Lech Poznañ U19,30.06.2024,5.00  ,Lech Poznañ,
8,Jan Sykora,Left winger,29 gru 1993 (27),27,Czech,1.71,Both,24.08.2020,SK Slavia Praga,30.06.2024,0.600  ,Lech Poznañ,
17,Filip Wilak,Left winger,6 aug 2003 (17),17,Poland,1.8,No info,27.10.2020,Lech Poznañ II,30.06.2023,0.100  ,Lech Poznañ,
21,Michal Skoras,Right winger,15 feb 2000 (21),21,Poland,1.78,Right,01.07.2019,Lech Poznañ II,30.06.2023,1.00  ,Lech Poznañ,
34,Tymoteusz Klups,Right winger,26 feb 2000 (21),21,Poland,1.79,Right,11.12.2017,Lech Poznañ II,30.06.2022,0.300  ,Lech Poznañ,
9,Mikael Ishak,Centre forward,31 mar 1993 (28),28,Sweden,1.85,Both,20.07.2020,1.FC Nürnberg,30.06.2023,2.50  ,Lech Poznañ,
20,Aron Jóhannsson,Centre forward,10 lis 1990 (30),30,Iceland,1.84,Right,12.02.2021,Hammarby IF,31.12.2021,0.700  ,Lech Poznañ,
14,Nika Kacharava,Centre forward,13 jan 1994 (27),27,Georgia,1.98,Right,11.09.2020,Anorthosis Famagusta,30.06.2021,0.500  ,Lech Poznañ,
23,Filip Szymczak,Centre forward,6 may 2002 (19),19,Poland,1.87,Both,01.05.2019,Lech Poznañ U19,30.06.2022,0.400  ,Lech Poznañ,
51,Hubert Sobol,Centre forward,25 jun 2000 (20),20,Poland,1.81,Right,01.12.2020,Lech Poznañ II,30.06.2021,0.250  ,Lech Poznañ,
19,Norbert Paclawski,Centre forward,19 feb 2004 (17),17,Poland,,Right,27.01.2021,Lech Poznañ II,-,0.100  ,Lech Poznañ,
35,Cezary Miszta,Goalkeeper,30 oct 2001 (19),19,Poland,1.93,No info,01.01.2019,Legia Warszawa II,30.06.2025,0.300  ,Legia Warszawa,
19,Wojciech Muzyk,Goalkeeper,7 lis 1998 (22),22,Poland,1.95,No info,01.07.2019,Olimpia Grudzi¹dz,30.06.2023,0.100  ,Legia Warszawa,
1,Artur Boruc,Goalkeeper,20 feb 1980 (41),41,Poland,1.93,Right,01.08.2020,AFC Bournemouth,30.06.2022,0.50  ,Legia Warszawa,
33,Radoslaw Cierzniak,Goalkeeper,24 apr 1983 (38),38,Poland,1.87,Right,07.03.2016,Wis³a Kraków,30.06.2021,0.25  ,Legia Warszawa,
13,Artem Shabanov,Centre back,7 mar 1992 (29),29,Ukraine,1.9,Left,17.02.2021,Dynamo Kijów,30.06.2021,1.50  ,Legia Warszawa,
4,Mateusz Wieteska,Centre back,11 feb 1997 (24),24,Poland,1.88,Right,01.07.2018,Górnik Zabrze,30.06.2023,0.900  ,Legia Warszawa,
55,Artur Jedrzejczyk,Centre back,4 lis 1987 (33),33,Poland,1.89,Right,04.01.2017,FK Krasnodar,30.06.2023,0.350  ,Legia Warszawa,
3,Mateusz Holownia,Centre back,6 may 1998 (23),23,Poland,1.85,Left,01.07.2014,Legia Warszawa II,30.06.2022,0.300  ,Legia Warszawa,
5,Igor Lewczuk,Centre back,30 may 1985 (36),36,Poland,1.89,Right,01.07.2019,FC Girondins Bordeaux,30.06.2021,0.200  ,Legia Warszawa,
15,Ariel Mosor,Centre back,19 feb 2003 (18),18,Poland,1.84,No info,25.05.2020,Legia Warszawa II,30.06.2022,0.150  ,Legia Warszawa,
34,I?aki Astiz,Centre back,5 lis 1983 (37),37,Spain,1.84,Right,14.08.2017,APOEL Nikosia,30.06.2021,0.50  ,Legia Warszawa,
25,Filip Mladenovic,Left back,15 aug 1991 (29),29,Serbia,1.81,Left,21.07.2020,Lechia Gdañsk,30.06.2023,3.00  ,Legia Warszawa,
2,Josip Juranovic,Right back,16 aug 1995 (25),25,Croatia,1.73,Right,31.07.2020,HNK Hajduk Split,30.06.2023,2.50  ,Legia Warszawa,
29,Marko Vesovic,Right back,28 aug 1991 (29),29,Montenegro,1.8,Right,05.01.2018,HNK Rijeka,30.06.2021,1.00  ,Legia Warszawa,
63,Jakub Kisiel,Defensive midfield,5 feb 2003 (18),18,Poland,1.84,No info,07.10.2020,Legia Warszawa II,30.06.2025,0.100  ,Legia Warszawa,
99,Bartosz Slisz,Centre midfield,29 mar 1999 (22),22,Poland,1.8,No info,28.02.2020,Zag³êbie Lubin,31.12.2024,2.00  ,Legia Warszawa,
24,André Martins,Centre midfield,21 jan 1990 (31),31,Portugal,1.69,Right,06.09.2018,Olympiakos Pireus,30.06.2022,1.00  ,Legia Warszawa,
82,Luquinhas,Attacking midfield,28 sep 1996 (24),24,Brazil,1.66,Right,04.07.2019,Desportivo Aves,30.06.2024,3.50  ,Legia Warszawa,
8,Valeriane Gvilia,Attacking midfield,24 may 1994 (27),27,Georgia,1.82,Right,01.07.2019,FC Luzern,30.06.2021,1.50  ,Legia Warszawa,
67,Bartosz Kapustka,Attacking midfield,23 gru 1996 (24),24,Poland,1.8,Right,13.08.2020,Leicester City,30.06.2022,1.50  ,Legia Warszawa,
11,Joel Valencia,Left winger,16 lis 1994 (26),26,Ecuador,1.64,Right,16.09.2020,FC Brentford,30.06.2021,0.400  ,Legia Warszawa,
17,Mateusz Cholewiak,Left winger,5 feb 1990 (31),31,Poland,1.84,Left,10.01.2020,Œl¹sk Wroc³aw,30.06.2021,0.250  ,Legia Warszawa,
22,Pawel Wszolek,Right winger,30 apr 1992 (29),29,Poland,1.86,Right,19.09.2019,Queens Park Rangers,30.06.2021,2.50  ,Legia Warszawa,
7,Jasur Yakhshiboev,Right winger,24 jun 1997 (23),23,Uzbekistan,1.78,Both,13.02.2021,Pakhtakor Tashkent,30.06.2023,0.500  ,Legia Warszawa,
71,Kacper Skibicki,Right winger,11 oct 2001 (19),19,Poland,1.78,Both,04.11.2020,Legia Warszawa II,30.06.2024,0.250  ,Legia Warszawa,
9,Tomas Pekhart,Centre forward,26 may 1989 (32),32,Czech,1.94,Right,10.02.2020,UD Las Palmas,30.06.2022,1.50  ,Legia Warszawa,
20,Ernest Muçi,Centre forward,19 mar 2001 (20),20,Albania,1.8,Right,23.02.2021,KF Tirana,30.06.2025,0.750  ,Legia Warszawa,
31,Nazariy Rusyn,Centre forward,25 oct 1998 (22),22,Ukraine,1.77,Right,23.02.2021,Dynamo Kijów,30.06.2021,0.600  ,Legia Warszawa,
21,Rafa Lopes,Centre forward,28 jul 1991 (29),29,Portugal,1.85,Right,01.08.2020,Cracovia,31.12.2022,0.500  ,Legia Warszawa,
30,Kacper Kostorz,Centre forward,21 aug 1999 (21),21,Poland,1.88,Both,12.01.2019,Podbeskidzie Bielsko-Bia³a,30.06.2022,0.300  ,Legia Warszawa,
26,Szymon Wlodarczyk,Centre forward,5 jan 2003 (18),18,Poland,1.89,No info,05.06.2020,Legia Warszawa II,30.06.2022,0.100  ,Legia Warszawa,
28,Dominik Holec,Goalkeeper,28 jul 1994 (26),26,Slovakia,1.91,No info,16.01.2021,AC Sparta Praga,30.06.2021,0.500  ,Raków Czêstochowa,
1,Branislav Pindroch,Goalkeeper,30 oct 1991 (29),29,Slovakia,1.91,Right,22.07.2020,ViOn Zlate Moravce-Vrable,-,0.200  ,Raków Czêstochowa,
6,Andrzej Niewulis,Centre back,21 apr 1989 (32),32,Poland,1.87,Right,01.07.2017,Znicz Pruszków,30.06.2022,0.250  ,Raków Czêstochowa,
4,Kamil Piatkowski,Centre back,21 jun 2000 (20),20,Poland,1.91,Right,01.07.2019,Zag³êbie Lubin,30.06.2023,5.00  ,Raków Czêstochowa,
2,Tomas Petrasek,Centre back,2 mar 1992 (29),29,Czech,1.99,Right,01.07.2016,FK Viktoria Zizkov,30.06.2023,1.00  ,Raków Czêstochowa,
33,Jaroslaw Jach,Centre back,17 feb 1994 (27),27,Poland,1.92,Left,09.01.2021,Crystal Palace,30.06.2021,0.650  ,Raków Czêstochowa,
24,Zoran Arsenic,Centre back,2 jun 1994 (27),27,Croatia,1.88,Right,24.02.2021,Jagiellonia Bia³ystok,30.06.2021,0.450  ,Raków Czêstochowa,
89,Daniel Mikolajewski,Centre back,25 aug 1999 (21),21,Poland,1.88,Right,01.01.2020,Lechia Gdañsk,30.06.2023,0.200  ,Raków Czêstochowa,
10,Igor Sapala,Defensive midfield,11 oct 1995 (25),25,Poland,1.87,No info,01.07.2018,Piast Gliwice,30.06.2023,0.500  ,Raków Czêstochowa,
17,Petr Schwarz,Centre midfield,12 lis 1991 (29),29,Czech,1.74,Right,01.07.2018,FC Hradec Kralove,30.06.2021,1.50  ,Raków Czêstochowa,
20,Marko Poletanovic,Centre midfield,20 jul 1993 (27),27,Serbia,1.87,Right,03.01.2020,Jagiellonia Bia³ystok,30.06.2022,0.550  ,Raków Czêstochowa,
15,Giannis Papanikolaou,Centre midfield,18 lis 1998 (22),22,Greece,1.82,Left,11.08.2020,Panionios Athen,30.06.2025,0.350  ,Raków Czêstochowa,
22,Iwo Kaczmarski,Centre midfield,16 apr 2004 (17),17,Poland,1.83,No info,18.01.2021,Korona Kielce,31.12.2023,0.300  ,Raków Czêstochowa,
8,Ben Lederman,Centre midfield,8 may 2000 (21),21,Poland,1.82,Left,25.02.2020,Hakoah Amidar Ramat Gan,30.06.2024,0.200  ,Raków Czêstochowa,
32,Piotr Owczarek,Centre midfield,1 oct 2002 (18),18,Poland,1.86,Right,04.09.2020,FCB Escola Varsovia U19,30.06.2023,0.50  ,Raków Czêstochowa,
7,Fran Tudor,Right winger,27 sep 1995 (25),25,Croatia,1.73,Right,01.01.2020,Bez klubu,30.06.2022,1.00  ,Raków Czêstochowa,
13,Piotr Malinowski,Right winger,25 mar 1984 (37),37,Poland,1.7,Right,01.07.2015,Podbeskidzie Bielsko-Bia³a,30.06.2021,0.50  ,Raków Czêstochowa,
23,Patryk Kun,Left winger,20 apr 1995 (26),26,Poland,1.65,Both,01.07.2018,Rozwój Katowice,30.06.2023,0.700  ,Raków Czêstochowa,
27,Daniel Bartl,Left winger,5 jul 1989 (31),31,Czech,1.83,Right,01.07.2018,FC Slovan Liberec,30.06.2022,0.300  ,Raków Czêstochowa,
43,David Tijanic,Attacking midfield,16 jul 1997 (23),23,Slovenia,1.8,Right,08.01.2020,NK Triglav Kranj,30.06.2022,2.00  ,Raków Czêstochowa,
77,Marcin Cebula,Attacking midfield,6 gru 1995 (25),25,Poland,1.77,Both,01.08.2020,Korona Kielce,30.06.2023,1.50  ,Raków Czêstochowa,
30,Milosz Szczepanski,Attacking midfield,22 mar 1998 (23),23,Poland,1.68,Right,26.01.2018,Legia Warszawa,30.06.2021,0.400  ,Raków Czêstochowa,
14,Daniel Szelagowski,Left winger,2 sep 2002 (18),18,Poland,1.78,Right,16.09.2020,Korona Kielce,30.06.2025,0.600  ,Raków Czêstochowa,
47,Mateusz Wdowiak,Left winger,28 aug 1996 (24),24,Poland,1.74,Right,15.02.2021,Cracovia,30.06.2024,0.300  ,Raków Czêstochowa,
11,Ivi López,Right winger,29 jun 1994 (26),26,Spain,1.74,Right,01.09.2020,Levante UD,30.06.2024,1.50  ,Raków Czêstochowa,
71,Wiktor Dlugosz,Right winger,1 jul 2000 (20),20,Poland,1.82,Right,04.02.2021,Korona Kielce,30.06.2025,0.150  ,Raków Czêstochowa,
11,Przemyslaw Oziebala,Right winger,24 aug 1986 (34),34,Poland,1.8,Right,24.02.2020,Gwarek Tarnowskie Góry,-,0.100  ,Raków Czêstochowa,
40,Michal Litwa, Centre forward,19 apr 2004 (17),17,Poland,,No info,01.07.2020,Wis³a Kraków U19,30.06.2023,0.50  ,Raków Czêstochowa,
21,Vladislavs Gutkovskis,Centre forward,2 apr 1995 (26),26,Latvia,1.87,No info,01.07.2020,Bruk-Bet Termalica Nieciecza,30.06.2022,0.700  ,Raków Czêstochowa,
18,Jakub Arak,Centre forward,2 apr 1995 (26),26,Poland,1.83,Right,18.02.2021,Lechia Gdañsk,30.06.2022,0.300  ,Raków Czêstochowa,
1,Dante Stipica,Goalkeeper,30 may 1991 (30),30,Croatia,1.89,No info,01.07.2019,CSKA-Sofia,30.06.2024,1.50  ,Pogañ Szczecin,
26,Jakub Bursztyn,Goalkeeper,25 mar 1998 (23),23,Poland,1.86,Left,04.07.2017,UKS SMS £ódŸ,30.06.2022,0.200  ,Pogañ Szczecin,
80,Dariusz Krzysztofek,Goalkeeper,9 apr 2000 (21),21,Poland,1.9,No info,05.06.2020,Pogoñ Szczecin II,-,0.50  ,Pogañ Szczecin,
81,Marcel Mendes-Dudzinski,Goalkeeper,14 may 2005 (16),16,Poland,1.93,No info,28.08.2020,Akademia Pi³karska Pogoñ Szczecin,-,0.50  ,Pogañ Szczecin,
13,Konstantinos Triantafyllopoulos,Centre back,3 apr 1993 (28),28,Greece,1.85,Right,01.07.2019,Asteras Tripolis,30.06.2022,0.850  ,Pogañ Szczecin,
23,Benedikt Zech,Centre back,3 lis 1990 (30),30,Austria,1.86,Right,01.07.2019,SCR Altach,30.06.2022,0.850  ,Pogañ Szczecin,
33,Mariusz Malec,Centre back,4 apr 1995 (26),26,Poland,1.91,Left,01.07.2018,Podbeskidzie Bielsko-Bia³a,30.06.2024,0.450  ,Pogañ Szczecin,
55,Igor Lasicki,Centre back,26 jun 1995 (25),25,Poland,1.84,Right,03.07.2019,SSC Napoli,30.06.2022,0.300  ,Pogañ Szczecin,
75,Filip Balcewicz,Centre back,22 feb 2003 (18),18,Poland,1.85,No info,05.06.2020,Pogoñ Szczecin II,30.06.2023,0.50  ,Pogañ Szczecin,
15,Hubert Matynia,Left back,4 lis 1995 (25),25,Poland,1.81,Both,01.07.2014,Pogoñ Szczecin II,31.12.2021,0.500  ,Pogañ Szczecin,
97,Luís Mata,Left back,6 jul 1997 (23),23,Portugal,1.81,Left,01.08.2020,FC Porto B,30.06.2023,0.500  ,Pogañ Szczecin,
2,Jakub Bartkowski,Right back,7 lis 1991 (29),29,Poland,1.82,Right,11.01.2019,Wis³a Kraków,30.06.2023,0.650  ,Pogañ Szczecin,
41,Pawel Stolarski,Right back,28 jan 1996 (25),25,Poland,1.81,Right,01.01.2021,Legia Warszawa,30.06.2024,0.400  ,Pogañ Szczecin,
22,David Stec,Right back,10 may 1994 (27),27,Austria,1.78,No info,01.07.2018,SKN St. Pölten,30.06.2021,0.350  ,Pogañ Szczecin,
8,Damian Dabrowski,Defensive midfield,27 aug 1992 (28),28,Poland,1.78,Right,24.08.2019,Cracovia,30.06.2022,0.700  ,Pogañ Szczecin,
28,Tomás Podstawski,Defensive midfield,30 jan 1995 (26),26,Portugal,1.81,Both,27.08.2018,Vitória Setúbal FC,30.06.2021,0.400  ,Pogañ Szczecin,
6,Stanislaw Wawrzynowicz,Defensive midfield,13 mar 1999 (22),22,Poland,1.77,No info,18.07.2018,Pogoñ Szczecin II,30.06.2021,0.50  ,Pogañ Szczecin,
99,Mateusz Legowski,Defensive midfield,29 jan 2003 (18),18,Poland,1.81,No info,27.01.2021,Pogoñ Szczecin II,-,0.50  ,Pogañ Szczecin,
14,Kamil Drygas,Centre midfield,7 sep 1991 (29),29,Poland,1.84,Left,01.07.2016,Zawisza Bydgoszcz,30.06.2022,0.800  ,Pogañ Szczecin,
17,Mariusz Fornalczyk,Left winger,15 jan 2003 (18),18,Poland,,No info,01.07.2020,Polonia Bytom,30.06.2024,0.200  ,Pogañ Szczecin,
64,Kacper Kozlowski,Attacking midfield,16 oct 2003 (17),17,Poland,1.82,Both,09.05.2019,Pogoñ Szczecin II,30.06.2022,5.00  ,Pogañ Szczecin,
20,Alexander Gorgon,Attacking midfield,28 oct 1988 (32),32,Austria,1.85,Right,03.08.2020,HNK Rijeka,30.06.2023,1.00  ,Pogañ Szczecin,
61,Kacper Smolinski,Attacking midfield,7 feb 2001 (20),20,Poland,1.78,Left,21.02.2019,Pogoñ Szczecin II,30.06.2022,0.500  ,Pogañ Szczecin,
7,Rafal Kurzawa,Left winger,29 jan 1993 (28),28,Poland,1.82,Left,16.02.2021,Bez klubu,31.12.2023,0.600  ,Pogañ Szczecin,
16,Santeri Hostikka,Left winger,30 sep 1997 (23),23,Finland,1.83,Right,01.01.2019,FC Lahti,30.06.2022,0.350  ,Pogañ Szczecin,
25,Pawel Cibicki,Left winger,9 jan 1994 (27),27,Poland,1.82,Left,12.01.2020,Leeds United,30.06.2023,0.200  ,Pogañ Szczecin,
71,Marcel Wedrychowski,Left winger,13 jan 2002 (19),19,Poland,1.71,Both,17.10.2018,Pogoñ Szczecin U19,30.06.2024,0.100  ,Pogañ Szczecin,
27,Sebastian Kowalczyk,Right winger,22 aug 1998 (22),22,Poland,1.69,No info,25.11.2016,Pogoñ Szczecin II,31.12.2021,1.50  ,Pogañ Szczecin,
18,Michal Kucharczyk,Right winger,20 mar 1991 (30),30,Poland,1.78,Right,06.08.2020,Ural Jekaterynburg,30.06.2023,0.750  ,Pogañ Szczecin,
10,Luka Zahovic,Centre forward,15 lis 1995 (25),25,Slovenia,1.77,Right,01.10.2020,NK Maribor,30.06.2024,0.800  ,Pogañ Szczecin,
19,Adrian Benedyczak,Centre forward,24 lis 2000 (20),20,Poland,1.91,Both,02.03.2018,Pogoñ Szczecin U19,30.06.2022,0.500  ,Pogañ Szczecin,
9,Adam Fraczczak,Centre forward,7 aug 1987 (33),33,Poland,1.8,Both,01.01.2011,Kotwica Ko³obrzeg,30.06.2021,0.200  ,Pogañ Szczecin,
63,Hubert Turski,Centre forward,31 jan 2003 (18),18,Poland,,Right,01.07.2019,Pogoñ Szczecin II,30.06.2023,0.200  ,Pogañ Szczecin,
55,Xavier Dziekonski,Goalkeeper,6 oct 2003 (17),17,Poland,1.88,Right,18.06.2020,Jagiellonia Bia³ystok II,30.06.2023,1.50  ,Jagiellonia Bia³ystok,
96,Damian Weglarz,Goalkeeper,21 mar 1996 (25),25,Poland,1.89,Right,01.07.2016,Zawisza Bydgoszcz,30.06.2021,0.300  ,Jagiellonia Bia³ystok,
1,Pavels Steinbors,Goalkeeper,21 sep 1985 (35),35,Latvia,1.91,Right,01.08.2020,Arka Gdynia,30.06.2022,0.150  ,Jagiellonia Bia³ystok,
-,Hubert Gostomski,Goalkeeper,25 feb 1998 (23),23,Poland,1.91,Right,13.07.2016,Jagiellonia Bia³ystok U19,30.06.2021,0.100  ,Jagiellonia Bia³ystok,
17,Ivan Runje,Centre back,9 oct 1990 (30),30,Croatia,1.92,Right,01.07.2016,Omonia Nikozja,30.06.2024,0.750  ,Jagiellonia Bia³ystok,
25,Bogdan Tiru,Centre back,15 mar 1994 (27),27,Romania,1.85,Both,03.02.2020,FC Viitorul Constanta,30.06.2024,0.650  ,Jagiellonia Bia³ystok,
3,Blazej Augustyn,Centre back,26 jan 1988 (33),33,Poland,1.91,Both,01.08.2020,Lechia Gdañsk,30.06.2022,0.350  ,Jagiellonia Bia³ystok,
99,Bartosz Kwiecien,Centre back,7 may 1994 (27),27,Poland,1.89,Right,27.07.2017,Korona Kielce,30.06.2021,0.300  ,Jagiellonia Bia³ystok,
4,Myroslav Mazur,Centre back,11 aug 1998 (22),22,Ukraine,1.94,Left,02.02.2021,Ume? FC,30.06.2021,0.200  ,Jagiellonia Bia³ystok,
30,Milosz Matysik,Centre back,26 apr 2004 (17),17,Poland,,No info,01.01.2021,Jagiellonia Bia³ystok II,-,0.100  ,Jagiellonia Bia³ystok,
39,Jan Majsterek,Centre back,9 jun 2000 (20),20,Poland,,No info,-,,-,0.50  ,Jagiellonia Bia³ystok,
5,Bojan Nastic,Left back,6 jul 1994 (26),26,Bosnia and Hercegovina,1.82,Left,27.01.2021,BATE Borysów,30.06.2024,1.50  ,Jagiellonia Bia³ystok,
12,Godfrey Bitok Stephen,Left back,22 aug 2000 (20),20,Nigeria,1.83,Left,04.02.2021,Isloch Minsk Region,31.12.2024,0.300  ,Jagiellonia Bia³ystok,
38,Pawel Olszewski,Right back,7 jun 1999 (21),21,Poland,1.78,Right,01.01.2016,Jagiellonia Bia³ystok U19,30.06.2024,0.500  ,Jagiellonia Bia³ystok,
6,Taras Romanczuk,Defensive midfield,14 lis 1991 (29),29,Poland,1.86,Left,22.07.2014,Legionovia Legionowo,30.06.2023,1.00  ,Jagiellonia Bia³ystok,
16,Ariel Borysiuk,Defensive midfield,29 jul 1991 (29),29,Poland,1.8,Right,13.02.2020,FC Sheriff Tyraspol,30.06.2021,0.300  ,Jagiellonia Bia³ystok,
-,Jakub Orpik,Defensive midfield,26 oct 2003 (17),17,Poland,,No info,18.02.2021,Jagiellonia Bia³ystok II,-,0.50  ,Jagiellonia Bia³ystok,
26,Martin Pospísil,Centre midfield,26 jun 1991 (29),29,Czech,1.78,Right,04.07.2017,FK Jablonec,30.06.2024,0.800  ,Jagiellonia Bia³ystok,
23,Fernán López,Centre midfield,10 feb 1995 (26),26,Spain,1.69,Right,18.09.2020,FK Qabala,30.06.2021,0.250  ,Jagiellonia Bia³ystok,
22,Oliwier Wojciechowski,Centre midfield,5 apr 2005 (16),16,Poland,,No info,-,,30.06.2023,0.50  ,Jagiellonia Bia³ystok,
8,Przemyslaw Mystkowski,Attacking midfield,25 apr 1998 (23),23,Poland,1.74,Left,13.02.2014,Jagiellonia Bia³ystok II,31.12.2023,0.400  ,Jagiellonia Bia³ystok,
27,Bartlomiej Wdowik,Left winger,25 sep 2000 (20),20,Poland,1.84,No info,22.01.2020,Odra Opole,30.06.2023,0.500  ,Jagiellonia Bia³ystok,
14,Tomas Prikryl,Right winger,4 jul 1992 (28),28,Czech,1.77,Right,03.07.2019,FK Mlada Boleslav,30.06.2023,0.850  ,Jagiellonia Bia³ystok,
13,Fedor Chernykh,Right winger,21 may 1991 (30),30,Lithuania,1.83,Both,17.09.2020,Dynamo Moskwa,30.06.2023,0.600  ,Jagiellonia Bia³ystok,
10,Maciej Makuszewski,Right winger,29 sep 1989 (31),31,Poland,1.76,Right,12.02.2020,Lech Poznañ,30.06.2021,0.450  ,Jagiellonia Bia³ystok,
7,Konrad Wrzesinski,Right winger,10 sep 1993 (27),27,Poland,1.77,Right,16.03.2021,Bez klubu,30.06.2023,0.400  ,Jagiellonia Bia³ystok,
15,Kris Twardek,Right winger,8 mar 1997 (24),24,Canada,1.86,Right,05.10.2020,Bohemian Football Club Dublin,30.06.2023,0.150  ,Jagiellonia Bia³ystok,
11,Jesús Imaz, Centre forward,26 sep 1990 (30),30,Spain,1.74,Right,21.01.2019,Wis³a Kraków,30.06.2022,1.50  ,Jagiellonia Bia³ystok,
21,Jakov Puljic,Centre forward,4 aug 1993 (27),27,Croatia,1.87,Both,03.02.2020,HNK Rijeka,30.06.2022,1.50  ,Jagiellonia Bia³ystok,
31,Bartosz Bida,Centre forward,21 feb 2001 (20),20,Poland,1.75,No info,02.08.2017,Jagiellonia Bia³ystok U19,30.06.2023,1.50  ,Jagiellonia Bia³ystok,
36,Maciej Bortniczuk,Centre forward,6 sep 2001 (19),19,Poland,1.81,No info,11.08.2020,Jagiellonia Bia³ystok U19,30.06.2024,0.150  ,Jagiellonia Bia³ystok,
41,Jakub Lutostanski,Centre forward,17 sep 2004 (16),16,Poland,,No info,19.12.2020,Jagiellonia Bia³ystok II,-,0.100  ,Jagiellonia Bia³ystok,
44,Krzysztof Toporkiewicz,Centre forward,21 apr 2002 (19),19,Poland,1.76,No info,29.11.2019,Jagiellonia Bia³ystok U19,-,0.50  ,Jagiellonia Bia³ystok,
23,Karol Niemczycki,Goalkeeper,5 jul 1999 (21),21,Poland,1.9,Left,13.08.2020,Puszcza Niepo³omice,01.07.2023,1.50  ,Cracovia,
31,Lukas Hrosso,Goalkeeper,19 apr 1987 (34),34,Slovakia,1.95,No info,01.07.2019,Zag³êbie Sosnowiec,30.06.2022,0.100  ,Cracovia,
30,Adam Wilk,Goalkeeper,21 lis 1997 (23),23,Poland,1.97,No info,11.02.2015,Cracovia II,30.06.2022,0.50  ,Cracovia,
40,Norbert Luczak,Goalkeeper,11 aug 2003 (17),17,Poland,1.9,No info,05.02.2021,Cracovia II,-,0.25  ,Cracovia,
15,Mateusz Pienczak,Centre back,9 jan 2003 (18),18,Poland,1.89,No info,15.07.2020,Cracovia Kraków U19,30.06.2021,0.50  ,Cracovia,
44,Dawid Szymonowicz,Centre back,7 jul 1995 (25),25,Poland,1.85,Right,20.08.2020,Jagiellonia Bia³ystok,30.06.2021,0.400  ,Cracovia,
88,Matej Rodin,Centre back,13 feb 1996 (25),25,Croatia,1.95,Right,11.09.2020,NK Varazdin,30.06.2023,0.400  ,Cracovia,
5,Iván Márquez,Centre back,9 jun 1994 (26),26,Spain,1.91,Right,05.08.2020,Korona Kielce,30.06.2022,0.350  ,Cracovia,
85,David Jablonsky,Centre back,8 oct 1991 (29),29,Czech,1.9,Right,01.07.2019,Levski Sofia,30.06.2022,0.200  ,Cracovia,
34,Oleksiy Dytyatyev,Centre back,7 lis 1988 (32),32,Ukraine,1.96,Right,14.07.2017,Karpaty Lwów,30.06.2022,0.100  ,Cracovia,
-,Krystian Bracik,Centre back,18 mar 2001 (20),20,Poland,,No info,11.05.2021,Cracovia II,30.06.2024,0.50  ,Cracovia,
-,Jakub Goralczyk,Centre back,14 sep 2002 (18),18,Poland,1.88,No info,09.10.2020,Cracovia II,-,0.25  ,Cracovia,
33,Kamil Pestka,Left back,22 aug 1998 (22),22,Poland,1.89,Left,31.05.2017,Cracovia II,30.06.2023,0.450  ,Cracovia,
3,Michal Siplak,Left back,2 feb 1996 (25),25,Slovakia,1.84,No info,07.07.2017,Zemplin Michalovce,30.06.2023,0.400  ,Cracovia,
18,Luís Rocha,Left back,27 jun 1993 (27),27,Portugal,1.77,Left,24.02.2021,Legia Warszawa,30.06.2022,0.250  ,Cracovia,
90,Michael Gardawski,Left back,25 sep 1990 (30),30,Germany,1.77,Right,20.07.2020,Korona Kielce,30.06.2022,0.200  ,Cracovia,
2,Cornel Rapa,Right back,16 jan 1990 (31),31,Romania,1.82,Right,31.07.2018,Pogoñ Szczecin,-,0.500  ,Cracovia,
87,Diego Ferraresso,Right back,21 may 1992 (29),29,Bulgaria,1.71,Right,27.07.2016,Slavia Sofia,30.06.2021,0.250  ,Cracovia,
35,Maciej Mrozik,Midfield,5 may 2005 (16),16,Poland,1.73,No info,-,,-,0.25  ,Cracovia,
8,Milan Dimun,Defensive midfield,19 sep 1996 (24),24,Slovakia,1.86,No info,01.07.2016,FC VSS Kosice,30.06.2022,0.400  ,Cracovia,
13,Radoslaw Kanach,Defensive midfield,3 apr 1999 (22),22,Poland,1.81,Right,01.07.2016,Stal Rzeszów,-,0.200  ,Cracovia,
20,Mateusz Supryn,Defensive midfield,4 apr 1999 (22),22,Poland,1.8,Left,01.07.2019,Cracovia II,30.06.2022,0.50  ,Cracovia,
28,Jan Ziewiec,Defensive midfield,13 may 2004 (17),17,Poland,1.86,No info,18.12.2020,Cracovia Kraków U19,-,0.50  ,Cracovia,
22,Florian Loshaj,Centre midfield,13 aug 1996 (24),24,Kosovo,1.74,Left,15.01.2020,ACSM Politehnica Iasi,30.06.2023,0.600  ,Cracovia,
19,Damir Sadikovic,Centre midfield,7 apr 1995 (26),26,Bosnia and Hercegovina,1.88,Right,05.10.2020,FK Zeljeznicar Sarajevo,30.06.2023,0.400  ,Cracovia,
6,Sylwester Lusiusz,Centre midfield,18 sep 1999 (21),21,Poland,1.85,No info,14.07.2017,Cracovia Kraków U19,30.06.2024,0.250  ,Cracovia,
10,Pelle van Amersfoort,Attacking midfield,1 apr 1996 (25),25,Netherlands,1.93,Right,01.07.2019,SC Heerenveen,30.06.2022,1.50  ,Cracovia,
14,Ivan Fiolic,Attacking midfield,29 apr 1996 (25),25,Croatia,1.76,Left,05.02.2020,KRC Genk,30.06.2021,0.600  ,Cracovia,
21,Thiago,Attacking midfield,18 mar 1997 (24),24,Brazil,1.77,Both,17.01.2020,Sandecja Nowy S¹cz,31.12.2023,0.450  ,Cracovia,
27,Marcin Budzinski,Attacking midfield,6 jul 1990 (30),30,Poland,1.84,Right,05.02.2021,Bez klubu,-,0.100  ,Cracovia,
19,Tomasz Bala,Centre forward,8 feb 2001 (20),20,Poland,1.93,Left,-,,-,0.50  ,Cracovia,
-,Lukasz Ziemnik,Centre forward,16 apr 2002 (19),19,Poland,,No info,05.02.2021,Cracovia II,-,0.25  ,Cracovia,
73,Patryk Zaucha,Left winger,19 apr 2000 (21),21,Poland,1.75,Left,02.05.2019,Cracovia Kraków U19,30.06.2024,0.250  ,Cracovia,
16,Przemyslaw Kapek,Left winger,7 may 2003 (18),18,Poland,1.77,Right,29.05.2020,Cracovia Kraków U19,-,0.50  ,Cracovia,
4,Sergiu Hanca,Right winger,4 apr 1992 (29),29,Romania,1.82,Right,12.01.2019,FC Dinamo Bukarest,30.06.2022,1.00  ,Cracovia,
97,Daniel Pik,Right winger,20 jul 2000 (20),20,Poland,1.77,Right,21.01.2018,Polonia Warszawa U19,30.06.2022,0.200  ,Cracovia,
17,Jakub Kosecki,Right winger,29 aug 1990 (30),30,Poland,1.68,Right,23.02.2021,Adana Demirspor,30.06.2021,0.175  ,Cracovia,
7,Rivaldinho,Centre forward,29 apr 1995 (26),26,Brazil,1.87,Both,12.08.2020,FC Viitorul Constanta,30.06.2023,0.600  ,Cracovia,
9,Marcos Álvarez,Centre forward,30 sep 1991 (29),29,Germany,1.79,Right,01.07.2020,VfL Osnabrück,30.06.2023,0.600  ,Cracovia,
26,Filip Piszczek,Centre forward,26 may 1995 (26),26,Poland,1.91,Right,01.07.2018,Sandecja Nowy S¹cz,30.06.2022,0.400  ,Cracovia,
99,Tomas Vestenicky,Centre forward,6 apr 1996 (25),25,Slovakia,1.78,Right,01.07.2016,AS Roma,30.06.2021,0.300  ,Cracovia,
77,Sebastian Strozik,Centre forward,15 may 1999 (22),22,Poland,1.92,Right,14.07.2017,Cracovia Kraków U19,30.06.2022,0.200  ,Cracovia,
24,Jakub Gut,Centre forward,13 may 2003 (18),18,Poland,1.77,No info,07.08.2020,Cracovia II,-,0.50  ,Cracovia,
1,Zlatan Alomerovic,Goalkeeper,15 jun 1991 (29),29,Serbia,1.87,Right,01.07.2018,Korona Kielce,30.06.2023,0.300  ,Lechia Gdañsk,
12,Dusan Kuciak,Goalkeeper,21 may 1985 (36),36,Slovakia,1.94,Right,03.02.2017,Hull City,30.06.2022,0.200  ,Lechia Gdañsk,
-,Antoni Mikulko,Goalkeeper,11 feb 2005 (16),16,Poland,1.89,No info,29.01.2021,Lechia Gdañsk U19,30.06.2023,0.50  ,Lechia Gdañsk,
39,Eryk Mirus,Goalkeeper,19 sep 2003 (17),17,Poland,1.86,Right,01.08.2020,Lechia Gdañsk U19,30.06.2023,0.50  ,Lechia Gdañsk,
25,Michal Nalepa,Centre back,22 jan 1993 (28),28,Poland,1.9,Right,01.07.2017,Ferencvárosi TC,30.06.2023,1.50  ,Lechia Gdañsk,
5,Bartosz Kopacz,Centre back,21 may 1992 (29),29,Poland,1.88,Right,01.08.2020,Zag³êbie Lubin,30.06.2023,0.650  ,Lechia Gdañsk,
4,Kristers Tobers,Centre back,13 gru 2000 (20),20,Latvia,1.92,Right,01.08.2020,FK Lipawa,30.06.2023,0.600  ,Lechia Gdañsk,
23,Mario Maloca,Centre back,4 may 1989 (32),32,Croatia,1.89,Right,01.07.2019,SpVgg Greuther Fürth,30.06.2022,0.250  ,Lechia Gdañsk,
2,Rafal Pietrzak,Left back,30 jan 1992 (29),29,Poland,1.76,Both,20.02.2020,Royal Excel Mouscron,30.06.2023,0.500  ,Lechia Gdañsk,
19,Karol Fila,Midfield,13 jun 1998 (22),22,Poland,1.8,Right,03.02.2017,Lechia Gdañsk U19,31.12.2022,1.50  ,Lechia Gdañsk,
72,Filip Koperski,Midfield,24 feb 2004 (17),17,Poland,,No info,28.01.2021,Lechia Gdañsk II,-,0.50  ,Lechia Gdañsk,
69,Jan Bieganski,Defensive midfield,4 gru 2002 (18),18,Poland,1.84,Left,01.01.2021,GKS Tychy,30.06.2025,0.600  ,Lechia Gdañsk,
6,Jaroslaw Kubicki,Centre midfield,7 aug 1995 (25),25,Poland,1.79,Right,01.07.2018,Zag³êbie Lubin,30.06.2023,0.750  ,Lechia Gdañsk,
36,Tomasz Makowski,Centre midfield,19 jul 1999 (21),21,Poland,1.81,Right,18.07.2018,Lechia Gdañsk II,30.06.2022,0.750  ,Lechia Gdañsk,
80,Egzon Kryeziu,Centre midfield,25 apr 2000 (21),21,Slovenia,1.8,Right,12.02.2020,NK Triglav Kranj,30.06.2022,0.250  ,Lechia Gdañsk,
78,Mykola Musolitin,Right winger,21 jan 1999 (22),22,Ukraine,1.77,Right,01.01.2021,Valmiera FC,30.06.2023,0.250  ,Lechia Gdañsk,
15,Kenny Saief,Left winger,17 gru 1993 (27),27,USA,1.76,Left,13.02.2020,RSC Anderlecht,30.06.2021,0.700  ,Lechia Gdañsk,
7,Maciej Gajos,Attacking midfield,19 mar 1991 (30),30,Poland,1.74,Right,01.07.2019,Lech Poznañ,30.06.2022,0.450  ,Lechia Gdañsk,
88,Jakub Kaluzinski,Attacking midfield,31 oct 2002 (18),18,Poland,1.84,Both,05.02.2020,Lechia Gdañsk U19,30.06.2023,0.350  ,Lechia Gdañsk,
32,Egy Maulana Vikri,Attacking midfield,7 jul 2000 (20),20,Indonesia,1.68,Left,09.07.2018,Diklat Ragunan,30.06.2021,0.150  ,Lechia Gdañsk,
20,Conrado,Left winger,3 apr 1997 (24),24,Brazil,1.74,Left,09.01.2020,Figueirense Futebol Clube,30.06.2022,0.900  ,Lechia Gdañsk,
22,Joseph Ceesay,Left winger,3 jun 1998 (23),23,Sweden,1.84,Right,14.01.2021,Helsingborgs IF,30.06.2023,0.450  ,Lechia Gdañsk,
-,Zarko Udovicic,Left winger,31 aug 1987 (33),33,Serbia,1.85,Left,01.07.2019,Zag³êbie Sosnowiec,30.06.2021,0.200  ,Lechia Gdañsk,
8,Omran Haydary,Right winger,13 jan 1998 (23),23,Afghanistan,1.72,Right,11.02.2020,Olimpia Grudzi¹dz,30.06.2023,0.500  ,Lechia Gdañsk,
9,Lukasz Zwolinski,Centre forward,24 feb 1993 (28),28,Poland,1.84,Right,10.02.2020,HNK Gorica,30.06.2023,1.00  ,Lechia Gdañsk,
17,Mateusz Zukowski,Centre forward,23 lis 2001 (19),19,Poland,1.85,No info,01.08.2020,Lechia Gdañsk II,30.06.2021,0.200  ,Lechia Gdañsk,
28,Flávio Paix?o,Centre forward,19 sep 1984 (36),36,Portugal,1.84,Right,08.02.2016,Œl¹sk Wroc³aw,30.06.2022,0.200  ,Lechia Gdañsk,
1,Mateusz Lis,Goalkeeper,27 feb 1997 (24),24,Poland,1.93,Right,01.07.2018,Lech Poznañ,30.06.2022,0.650  ,Wis³a Kraków,
22,Michal Buchalik,Goalkeeper,3 feb 1989 (32),32,Poland,1.9,Right,01.07.2014,Ruch Chorzów,30.06.2022,0.200  ,Wis³a Kraków,
48,Kamil Broda,Goalkeeper,19 jul 2001 (19),19,Poland,1.89,Right,18.08.2017,Wis³a Kraków U19,30.06.2021,0.50  ,Wis³a Kraków,
25,Michal Frydrych,Centre back,27 feb 1990 (31),31,Czech,1.88,Right,16.09.2020,SK Slavia Praga,30.06.2023,0.700  ,Wis³a Kraków,
26,Uros Radakovic,Centre back,31 mar 1994 (27),27,Serbia,1.94,Right,24.02.2021,AC Sparta Praga,30.06.2021,0.700  ,Wis³a Kraków,
3,Adi Mehremic,Centre back,26 apr 1992 (29),29,Bosnia and Hercegovina,1.89,Left,05.08.2020,Desportivo Aves,30.06.2023,0.400  ,Wis³a Kraków,
5,Souleymane Kone,Centre back,1 may 1996 (25),25,Ivory Coast,1.92,Left,26.01.2021,KVC Westerlo,30.06.2021,0.350  ,Wis³a Kraków,
17,Serafin Szota,Centre back,4 mar 1999 (22),22,Poland,1.86,No info,01.08.2019,Zag³êbie Lubin,30.06.2022,0.300  ,Wis³a Kraków,
14,Daniel Hoyo-Kowalski,Centre back,12 jul 2003 (17),17,Poland,1.92,Right,14.02.2019,Akademia Pi³karska Wis³a Kraków,30.06.2023,0.250  ,Wis³a Kraków,
56,Kamil Glogowski,Centre back,22 jul 2004 (16),16,Poland,1.84,Right,10.02.2021,Wis³a Kraków U19,30.06.2022,0.25  ,Wis³a Kraków,
4,Maciej Sadlok,Left back,29 jun 1989 (31),31,Poland,1.86,Left,01.07.2014,Ruch Chorzów,30.06.2022,0.400  ,Wis³a Kraków,
2,Krystian Wachowiak,Left back,19 oct 2001 (19),19,Poland,1.75,No info,03.02.2021,Chojniczanka Chojnice,30.06.2025,0.200  ,Wis³a Kraków,
43,Dawid Szot,Right back,29 apr 2001 (20),20,Poland,1.83,Right,06.02.2019,Wis³a Kraków U19,30.06.2023,0.350  ,Wis³a Kraków,
20,Konrad Gruszkowski,Right back,27 jan 2001 (20),20,Poland,1.83,Right,18.08.2020,Wis³a Kraków U19,30.06.2022,0.300  ,Wis³a Kraków,
8,Lukasz Burliga,Right back,10 may 1988 (33),33,Poland,1.86,Right,22.01.2019,Jagiellonia Bia³ystok,30.06.2021,0.150  ,Wis³a Kraków,
80,Patryk Plewka,Defensive midfield,2 jan 2000 (21),21,Poland,1.74,Right,11.07.2017,Wis³a Kraków U19,31.12.2024,1.00  ,Wis³a Kraków,
34,David Mawutor,Defensive midfield,12 apr 1992 (29),29,Ghana,1.81,Right,19.02.2021,¯etysu Ta³dykorgan,30.06.2021,0.400  ,Wis³a Kraków,
6,Vullnet Basha,Defensive midfield,11 jul 1990 (30),30,Albania,1.76,Right,10.08.2017,UCAM Murcia CF,30.06.2021,0.350  ,Wis³a Kraków,
10,Georgi Zhukov,Centre midfield,19 lis 1994 (26),26,Kazakhstan,1.72,Right,01.01.2020,Kairat Almaty,30.06.2022,0.700  ,Wis³a Kraków,
21,Nikola Kuveljic,Centre midfield,6 apr 1997 (24),24,Serbia,1.94,Right,01.07.2020,FK Javor-Matis Ivanjica,30.06.2023,0.300  ,Wis³a Kraków,
41,Kacper Duda,Centre midfield,1 jan 2004 (17),17,Poland,1.7,Right,06.06.2020,Wis³a Kraków U19,30.06.2023,0.50  ,Wis³a Kraków,
77,Stefan Savic,Attacking midfield,9 jan 1994 (27),27,Austria,1.74,Right,06.08.2020,NK Olimpija Ljubljana,30.06.2022,0.700  ,Wis³a Kraków,
18,Chuca,Attacking midfield,10 jun 1997 (23),23,Spain,1.81,Right,31.07.2019,Villarreal CF B,30.06.2022,0.350  ,Wis³a Kraków,
9,Rafal Boguski,Attacking midfield,9 jun 1984 (36),36,Poland,1.73,Right,01.01.2006,£KS £om¿a,30.06.2021,0.50  ,Wis³a Kraków,
15,Jean Carlos Silva,Left winger,10 may 1996 (25),25,Brazil,1.85,Right,11.07.2019,Recreativo Granada,30.06.2021,0.400  ,Wis³a Kraków,
54,Piotr Starzynski,Left winger,22 jan 2004 (17),17,Poland,1.73,Right,29.01.2021,Wis³a Kraków U19,30.06.2023,0.350  ,Wis³a Kraków,
40,Yaw Yeboah,Right winger,28 mar 1997 (24),24,Ghana,1.75,Left,11.08.2020,CD Numancia,30.06.2023,0.900  ,Wis³a Kraków,
16,Jakub Blaszczykowski,Right winger,14 gru 1985 (35),35,Poland,1.76,Right,07.02.2019,VfL Wolfsburg,30.06.2021,0.250  ,Wis³a Kraków,
44,Aleksander Buksa,Centre forward,15 jan 2003 (18),18,Poland,1.89,Left,06.02.2019,Akademia Pi³karska Wis³a Kraków,30.06.2021,1.50  ,Wis³a Kraków,
99,Felicio Brown Forbes,Centre forward,28 aug 1991 (29),29,Costa Rica,1.89,Right,05.10.2020,Raków Czêstochowa,30.06.2022,0.700  ,Wis³a Kraków,
55,Zan Medved,Centre forward,14 jun 1999 (21),21,Slovenia,1.85,Right,23.01.2021,Slovan Bratislava,30.06.2021,0.300  ,Wis³a Kraków,
84,Martin Chudy,Goalkeeper,23 apr 1989 (32),32,Slovakia,1.87,Right,11.01.2019,Spartak Trnava,30.06.2021,0.750  ,Górnik Zabrze,
1,Dawid Kudla,Goalkeeper,21 mar 1992 (29),29,Poland,1.89,No info,11.07.2019,Zag³êbie Sosnowiec,30.06.2021,0.150  ,Górnik Zabrze,
30,Jakub Grzesiak,Goalkeeper,22 feb 2003 (18),18,Poland,1.94,Right,20.02.2021,Górnik Zabrze II,-,0.50  ,Górnik Zabrze,
31,Bartosz Neugebauer,Goalkeeper,18 feb 2002 (19),19,Poland,1.88,No info,07.10.2019,Górnik Zabrze II,-,0.50  ,Górnik Zabrze,
2,Przemyslaw Wisniewski,Centre back,27 jul 1998 (22),22,Poland,1.95,Right,06.04.2018,Górnik Zabrze II,30.06.2022,1.50  ,Górnik Zabrze,
27,Adrian Gryszkiewicz,Centre back,13 gru 1999 (21),21,Poland,1.85,Left,08.02.2018,Gwarek Zabrze U19,30.06.2022,0.500  ,Górnik Zabrze,
4,Aleksander Paluszek,Centre back,9 apr 2001 (20),20,Poland,1.91,No info,01.07.2019,Œl¹sk Wroc³aw U19,30.06.2021,0.450  ,Górnik Zabrze,
14,Michal Koj,Centre back,28 jul 1993 (27),27,Poland,1.88,Left,01.07.2017,Ruch Chorzów,30.06.2021,0.350  ,Górnik Zabrze,
5,Stefanos Evangelou,Centre back,12 may 1998 (23),23,Greece,1.85,Right,05.10.2020,Olympiakos Pireus,30.06.2022,0.300  ,Górnik Zabrze,
64,Erik Janza,Left back,21 jun 1993 (27),27,Slovenia,1.75,Left,01.07.2019,NK Osijek,30.06.2021,0.850  ,Górnik Zabrze,
19,Bart³omiej Eizenchart,Left back,23 aug 2001 (19),19,Poland,1.82,Left,05.08.2019,Górnik Zabrze U19,30.06.2022,0.100  ,Górnik Zabrze,
23,Giannis Masouras,Right back,24 aug 1996 (24),24,Greece,1.81,Right,26.08.2020,Olympiakos Pireus,30.06.2021,0.600  ,Górnik Zabrze,
16,Dariusz Pawlowski,Right back,25 feb 1999 (22),22,Poland,1.87,Right,22.04.2016,Górnik Zabrze II,30.06.2021,0.250  ,Górnik Zabrze,
13,Kacper Michalski,Right back,3 jan 2000 (21),21,Poland,1.87,Right,01.08.2020,GKS Katowice,30.06.2022,0.150  ,Górnik Zabrze,
6,Roman Prochazka,Defensive midfield,14 mar 1989 (32),32,Slovakia,1.83,Right,27.01.2020,FC Viktoria Pilzno,30.06.2021,0.450  ,Górnik Zabrze,
8,Alasana Manneh,Centre midfield,8 apr 1998 (23),23,Gambia,1.7,Left,12.07.2019,FC Barcelona B,30.06.2022,1.00  ,Górnik Zabrze,
17,Bartosz Nowak,Centre midfield,25 aug 1993 (27),27,Poland,1.8,Right,03.08.2020,Stal Mielec,30.06.2022,0.900  ,Górnik Zabrze,
3,Krzysztof Kubica,Centre midfield,25 may 2000 (21),21,Poland,1.93,Both,05.07.2018,Górnik Zabrze II,30.06.2023,0.300  ,Górnik Zabrze,
15,Norbert Wojtuszek,Right winger,5 oct 2001 (19),19,Poland,1.82,No info,03.09.2020,Pogoñ Siedlce,30.06.2023,0.450  ,Górnik Zabrze,
7,Michal Rostkowski,Left winger,10 aug 2000 (20),20,Poland,1.75,Left,01.07.2019,ROW 1964 Rybnik,30.06.2021,0.300  ,Górnik Zabrze,
20,Daniel Scislak,Attacking midfield,13 mar 2000 (21),21,Poland,1.77,Right,01.07.2019,Górnik Zabrze II,30.06.2021,0.400  ,Górnik Zabrze,
9,Jesús Jiménez,Centre forward,5 lis 1993 (27),27,Spain,1.82,Right,01.07.2018,CF Talavera de la Reina,30.06.2022,1.50  ,Górnik Zabrze,
10,Richmond Boakye,Centre forward,28 jan 1993 (28),28,Ghana,1.86,Right,09.02.2021,Crvena Zvezda Belgrad,30.06.2021,0.700  ,Górnik Zabrze,
24,Alex Sobczyk,Centre forward,20 may 1997 (24),24,Austria,1.87,Right,03.08.2020,Spartak Trnava,30.06.2023,0.500  ,Górnik Zabrze,
21,Piotr Krawczyk,Centre forward,29 gru 1994 (26),26,Poland,1.87,Right,01.07.2019,Legionovia Legionowo,30.06.2021,0.450  ,Górnik Zabrze,
30,Dominik Hladun,Goalkeeper,17 sep 1995 (25),25,Poland,1.9,Left,13.07.2013,Zag³êbie Lubin II,30.06.2022,0.800  ,Zag³êbie Lubin,
12,Konrad Forenc,Goalkeeper,17 jul 1992 (28),28,Poland,1.91,Left,01.07.2009,MKS O³awa,30.06.2022,0.250  ,Zag³êbie Lubin,
22,Kamil Bielikow,Goalkeeper,4 jan 2001 (20),20,Poland,1.94,No info,01.09.2020,Ascoli Picchio Primavera,30.06.2023,0.25  ,Zag³êbie Lubin,
5,Lorenco Simic,Centre back,15 jul 1996 (24),24,Croatia,1.95,Right,17.08.2020,UC Sampdoria,30.06.2022,0.750  ,Zag³êbie Lubin,
15,Djordje Crnomarkovic,Centre back,10 sep 1993 (27),27,Serbia,1.88,Left,16.01.2021,Lech Poznañ,30.06.2021,0.500  ,Zag³êbie Lubin,
74,Kamil Kruk,Centre back,13 mar 2000 (21),21,Poland,1.85,No info,19.06.2020,Zag³êbie Lubin II,30.06.2022,0.400  ,Zag³êbie Lubin,
27,Dominik Jonczy,Centre back,17 may 1997 (24),24,Poland,1.9,Right,04.04.2017,Zag³êbie Lubin II,30.06.2021,0.300  ,Zag³êbie Lubin,
55,Damian Oko,Centre back,22 jan 1997 (24),24,Poland,1.9,No info,04.04.2017,Zag³êbie Lubin II,30.06.2022,0.250  ,Zag³êbie Lubin,
41,Milan Posmyk,Centre back,2 feb 2002 (19),19,Poland,1.9,Right,14.05.2021,Zag³êbie Lubin II,30.06.2021,0.50  ,Zag³êbie Lubin,
3,Sasa Balic,Left back,29 jan 1990 (31),31,Montenegro,1.85,Left,27.07.2017,CFR Cluj,30.06.2022,0.400  ,Zag³êbie Lubin,
77,Mateusz Bartolewski,Left back,12 jan 1998 (23),23,Poland,1.87,Left,31.07.2020,Ruch Chorzów,30.06.2022,0.250  ,Zag³êbie Lubin,
26,Kacper Chodyna,Right back,24 may 1999 (22),22,Poland,1.76,No info,07.02.2020,Zag³êbie Lubin II,30.06.2022,0.700  ,Zag³êbie Lubin,
23,Jakub Wojcicki,Right back,9 jul 1988 (32),32,Poland,1.9,Right,01.08.2020,Jagiellonia Bia³ystok,30.06.2023,0.250  ,Zag³êbie Lubin,
21,Maciej Warpas,Right back,20 may 2000 (21),21,Poland,1.85,Right,01.04.2019,Zag³êbie Lubin II,-,0.50  ,Zag³êbie Lubin,
6,Mateusz Kizyma,Midfield,8 jul 2002 (18),18,Poland,1.86,No info,29.01.2021,Zag³êbie Lubin II,-,0.50  ,Zag³êbie Lubin,
4,Evgeniy Bashkirov,Defensive midfield,6 jul 1991 (29),29,Rosja,1.75,Both,26.02.2020,Rubin Kazañ,30.06.2022,0.600  ,Zag³êbie Lubin,
14,Jakub Zubrowski,Defensive midfield,21 mar 1992 (29),29,Poland,1.81,Right,22.07.2020,Korona Kielce,30.06.2023,0.450  ,Zag³êbie Lubin,
99,Lukasz Lakomy,Defensive midfield,18 jan 2001 (20),20,Poland,1.81,No info,12.01.2021,Legia Warszawa II,-,0.100  ,Zag³êbie Lubin,
8,Lukasz Poreba,Centre midfield,13 mar 2000 (21),21,Poland,1.8,Right,20.07.2018,Zag³êbie Lubin II,30.06.2022,1.00  ,Zag³êbie Lubin,
20,Jakub Sypek,Right winger,7 apr 2001 (20),20,Poland,1.8,No info,03.07.2020,Zag³êbie Lubin II,30.06.2022,0.50  ,Zag³êbie Lubin,
18,Filip Starzynski,Attacking midfield,27 may 1991 (30),30,Poland,1.84,Right,19.07.2016,KSC Lokeren,30.06.2023,1.00  ,Zag³êbie Lubin,
31,Oliwier Slawinski,Centre forward,15 apr 2005 (16),16,Poland,1.84,No info,04.02.2021,Zag³êbie Lubin II,-,0.50  ,Zag³êbie Lubin,
39,Miroslav Stoch,Left winger,19 oct 1989 (31),31,Slovakia,1.67,Right,01.02.2021,Bez klubu,30.06.2021,0.800  ,Zag³êbie Lubin,
7,Sasa Zivec,Left winger,2 apr 1991 (30),30,Slovenia,1.7,Right,01.07.2019,Omonia Nikozja,30.06.2022,0.600  ,Zag³êbie Lubin,
95,Dejan Drazic,Left winger,26 sep 1995 (25),25,Serbia,1.78,Right,01.10.2020,Slovan Bratislava,30.06.2021,0.600  ,Zag³êbie Lubin,
16,Adam Ratajczyk,Left winger,12 jun 2002 (18),18,Poland,1.76,Right,02.10.2020,£KS £ódŸ,30.06.2024,0.350  ,Zag³êbie Lubin,
17,Patryk Szysz,Right winger,1 apr 1998 (23),23,Poland,1.77,Left,29.08.2018,Górnik £êczna,30.06.2022,0.800  ,Zag³êbie Lubin,
21,Jakub Bednarczyk,Right winger,2 jan 1999 (22),22,Poland,1.84,Right,01.09.2020,FC St. Pauli,30.06.2021,0.250  ,Zag³êbie Lubin,
11,Samuel Mraz,Centre forward,13 may 1997 (24),24,Slovakia,1.83,Right,13.08.2020,Empoli FC ,30.06.2021,0.500  ,Zag³êbie Lubin,
13,Karol Podlinski,Centre forward,6 lis 1997 (23),23,Poland,1.94,Right,24.02.2021,Radomiak Radom,30.06.2023,0.300  ,Zag³êbie Lubin,
19,Daniel Dudzinski,Centre forward,7 mar 2002 (19),19,Poland,1.81,No info,01.04.2019,Zag³êbie Lubin U19,30.06.2023,0.50  ,Zag³êbie Lubin,
26,Frantisek Plach,Goalkeeper,8 mar 1992 (29),29,Slovakia,1.92,No info,10.01.2018,FK Senica,31.12.2022,0.900  ,Piast Gliwice,
1,Jakub Szmatula,Goalkeeper,22 mar 1981 (40),40,Poland,1.87,Right,01.07.2008,Warta Poznañ,30.06.2021,0.50  ,Piast Gliwice,
33,Karol Szymanski,Goalkeeper,25 jun 1993 (27),27,Poland,1.91,Right,01.08.2020,Lech Poznañ,30.06.2022,0.50  ,Piast Gliwice,
4,Jakub Czerwinski,Centre back,6 aug 1991 (29),29,Poland,1.84,Both,01.07.2018,Legia Warszawa,30.06.2024,0.800  ,Piast Gliwice,
5,Tomas Huk,Centre back,22 gru 1994 (26),26,Slovakia,1.83,Right,01.07.2019,DAC Dunajska Streda,30.06.2022,0.500  ,Piast Gliwice,
34,Piotr Malarczyk,Centre back,1 aug 1991 (29),29,Poland,1.89,Right,21.08.2019,Korona Kielce,30.06.2021,0.350  ,Piast Gliwice,
14,Jakub Holubek,Left back,12 jan 1991 (30),30,Slovakia,1.81,Left,01.07.2019,MSK Zilina,30.06.2022,0.350  ,Piast Gliwice,
20,Martin Konczkowski,Right back,14 sep 1993 (27),27,Poland,1.81,Right,01.07.2017,Ruch Chorzów,30.06.2022,0.500  ,Piast Gliwice,
28,Bartosz Rymaniak,Right back,13 lis 1989 (31),31,Poland,1.9,Right,11.07.2019,Korona Kielce,30.06.2021,0.300  ,Piast Gliwice,
22,Tomasz Mokwa,Right back,10 feb 1993 (28),28,Poland,1.81,Right,08.08.2018,GKS Katowice,30.06.2023,0.100  ,Piast Gliwice,
13,Maksym Gendera,Right back,10 feb 2000 (21),21,Poland,1.79,Right,02.02.2021,Piast Gliwice II,30.06.2023,0.50  ,Piast Gliwice,
25,Michal Zachcial,Midfield,25 aug 1999 (21),21,Poland,1.76,No info,02.02.2021,Piast Gliwice II,-,0.50  ,Piast Gliwice,
18,Patryk Sokolowski,Defensive midfield,25 sep 1994 (26),26,Poland,1.81,No info,01.07.2018,Wigry Suwa³ki,31.12.2021,0.500  ,Piast Gliwice,
3,Tomasz Jodlowiec,Defensive midfield,8 sep 1985 (35),35,Poland,1.9,Right,02.09.2019,Legia Warszawa,30.06.2021,0.200  ,Piast Gliwice,
19,Sebastian Milewski,Centre midfield,30 apr 1998 (23),23,Poland,1.75,No info,01.07.2019,Zag³êbie Sosnowiec,30.06.2021,0.500  ,Piast Gliwice,
6,Michal Chrapek,Centre midfield,3 apr 1992 (29),29,Poland,1.75,Right,10.10.2020,Bez klubu,30.06.2022,0.450  ,Piast Gliwice,
23,Javier Hyjek,Centre midfield,12 jan 2001 (20),20,Poland,1.86,No info,01.08.2020,Atlético Madrid U19,30.06.2023,0.100  ,Piast Gliwice,
29,Remigiusz Borkala,Centre midfield,28 feb 1999 (22),22,Poland,1.76,No info,23.07.2018,Piast Gliwice U19,30.06.2021,0.50  ,Piast Gliwice,
17,Patryk Lipski,Attacking midfield,12 jun 1994 (26),26,Poland,1.86,Right,03.08.2020,Lechia Gdañsk,31.12.2022,0.400  ,Piast Gliwice,
10,Kristopher Vida,Left winger,23 jun 1995 (25),25,Hungary,1.76,Right,26.02.2020,DAC Dunajska Streda,30.06.2023,0.350  ,Piast Gliwice,
21,Gerard Badía,Left winger,18 oct 1989 (31),31,Spain,1.74,Left,01.07.2014,SD Noja,30.06.2021,0.350  ,Piast Gliwice,
15,Mateusz Winciersz,Left winger,5 oct 2000 (20),20,Poland,1.8,Left,10.01.2021,Ruch Chorzów,30.06.2023,0.200  ,Piast Gliwice,
77,Arkadiusz Pyrka,Right winger,20 sep 2002 (18),18,Poland,1.77,No info,04.08.2020,Znicz Pruszków,30.06.2023,0.600  ,Piast Gliwice,
7,Tiago Alves,Centre forward,19 jun 1996 (24),24,Portugal,1.77,Right,27.08.2019,Olimpia Grudzi¹dz,30.06.2022,0.550  ,Piast Gliwice,
70,Jakub Swierczok,Centre forward,28 gru 1992 (28),28,Poland,1.79,Right,17.08.2020,PFC Ludogorets Razgrad,30.06.2021,3.00  ,Piast Gliwice,
16,Dominik Steczyk,Centre forward,4 may 1999 (22),22,Poland,1.85,Right,09.07.2019,1.FC Nürnberg,30.06.2021,0.500  ,Piast Gliwice,
11,Michal Zyro,Centre forward,20 sep 1992 (28),28,Poland,1.89,Left,01.08.2020,Korona Kielce,30.06.2022,0.450  ,Piast Gliwice,
99,Karol Stanek,Centre forward,3 oct 1999 (21),21,Poland,1.86,Right,30.08.2018,Widzew £ódŸ,30.06.2021,0.50  ,Piast Gliwice,
1,Krzysztof Kaminski,Goalkeeper,26 lis 1990 (30),30,Poland,1.91,Right,06.02.2020,Júbilo Iwata,30.06.2024,0.400  ,Wis³a P³ock,
99,Bartlomiej Gradecki,Goalkeeper,26 gru 1999 (21),21,Poland,1.94,No info,10.07.2017,Wis³a P³ock II,30.06.2023,0.50  ,Wis³a P³ock,
13,Karol Szymkowiak,Goalkeeper,24 jan 2000 (21),21,Poland,,No info,18.02.2021,KSZO Ostrowiec Œwiêtokrzyski,30.06.2021,0.25  ,Wis³a P³ock,
18,Alan Uryga,Centre back,19 feb 1994 (27),27,Poland,1.91,Right,04.09.2017,Wis³a Kraków,30.06.2021,1.00  ,Wis³a P³ock,
2,Damian Michalski,Centre back,17 may 1998 (23),23,Poland,1.91,Right,01.07.2019,GKS Be³chatów,30.06.2023,0.500  ,Wis³a P³ock,
3,Milan Obradovic,Centre back,27 gru 1999 (21),21,Serbia,1.91,Left,01.10.2020,FK Napredak Krusevac,30.06.2023,0.350  ,Wis³a P³ock,
25,Jakub Rzezniczak,Centre back,26 oct 1986 (34),34,Poland,1.83,Right,01.07.2019,Qaraba? FK,30.06.2022,0.250  ,Wis³a P³ock,
5,Bartlomiej Sielewski,Centre back,9 aug 1984 (36),36,Poland,1.87,Right,01.07.2011,Piast Gliwice,30.06.2021,0.50  ,Wis³a P³ock,
24,Ángel García,Left back,3 feb 1993 (28),28,Spain,1.85,Left,01.01.2019,Cultural Leonesa,30.06.2021,0.400  ,Wis³a P³ock,
7,Piotr Tomasik,Left back,31 oct 1987 (33),33,Poland,1.77,Left,01.07.2019,Lech Poznañ,30.06.2022,0.200  ,Wis³a P³ock,
15,Kristian Vallo,Right back,2 jun 1998 (23),23,Slovakia,1.86,Right,22.02.2021,MSK Zilina,30.06.2021,0.400  ,Wis³a P³ock,
33,Damian Zbozien,Right back,25 apr 1989 (32),32,Poland,1.86,Right,13.08.2020,Arka Gdynia,30.06.2021,0.300  ,Wis³a P³ock,
-,Dawid Krzyzanski,Midfield,8 lis 2001 (19),19,Poland,,No info,-,,-,0.25  ,Wis³a P³ock,
6,Damian Rasak,Defensive midfield,8 feb 1996 (25),25,Poland,1.84,Right,01.07.2017,MiedŸ Legnica,30.06.2023,0.500  ,Wis³a P³ock,
94,Dusan Lagator,Defensive midfield,29 mar 1994 (27),27,Montenegro,1.9,Right,11.08.2020,FK Sochi,30.06.2022,0.500  ,Wis³a P³ock,
23,Filip Lesniak,Defensive midfield,14 may 1996 (25),25,Slovakia,1.76,Left,01.08.2020,Aalborg BK,30.06.2022,0.450  ,Wis³a P³ock,
74,Jakub Witek,Centre midfield,4 gru 2002 (18),18,Poland,1.83,No info,18.02.2020,Stadion Slaski Chorzow,30.06.2024,0.50  ,Wis³a P³ock,
32,Fryderyk Gerbowski,Centre midfield,17 jan 2003 (18),18,Poland,1.82,No info,01.08.2020,FCB Escola Varsovia U19,30.06.2023,0.25  ,Wis³a P³ock,
89,Aleksander Pawlak,Right winger,14 lis 2001 (19),19,Poland,1.78,No info,19.07.2019,Wis³a P³ock II,30.06.2023,0.150  ,Wis³a P³ock,
14,Mateusz Szwoch,Attacking midfield,19 mar 1993 (28),28,Poland,1.79,Right,01.07.2018,Legia Warszawa,30.06.2022,1.50  ,Wis³a P³ock,
21,Rafal Wolski,Attacking midfield,10 lis 1992 (28),28,Poland,1.79,Right,06.03.2020,Lechia Gdañsk,30.06.2023,0.300  ,Wis³a P³ock,
17,Hubert Adamczyk,Attacking midfield,23 feb 1998 (23),23,Poland,1.8,Right,31.08.2018,Cracovia,30.06.2021,0.250  ,Wis³a P³ock,
20,Luka Susnjara,Left winger,4 apr 1997 (24),24,Slovenia,1.88,Left,26.01.2021,FC Chambly,30.06.2022,0.400  ,Wis³a P³ock,
10,Giorgi Merebashvili,Left winger,15 aug 1986 (34),34,Georgia,1.8,Right,12.07.2016,APO Levadiakos,30.06.2021,0.100  ,Wis³a P³ock,
16,Bartosz Zynek,Left winger,14 mar 2002 (19),19,Poland,1.74,Right,02.02.2021,Zag³êbie Lubin II,30.06.2024,0.50  ,Wis³a P³ock,
9,Dawid Kocyla,Right winger,23 jul 2002 (18),18,Poland,1.8,No info,01.01.2020,GKS Be³chatów,31.12.2022,1.00  ,Wis³a P³ock,
11,Piotr Pyrdol,Right winger,27 apr 1999 (22),22,Poland,1.78,Right,26.08.2020,Legia Warszawa,30.06.2022,0.250  ,Wis³a P³ock,
77,Kacper Rogozinski,Right winger,20 apr 2001 (20),20,Poland,1.79,No info,07.01.2021,£KS £agów,30.06.2023,0.100  ,Wis³a P³ock,
8,Patryk Tuszynski,Centre forward,13 gru 1989 (31),31,Poland,1.84,Right,11.08.2020,Piast Gliwice,30.06.2022,0.450  ,Wis³a P³ock,
37,Mateusz Lewandowski,Centre forward,4 mar 1999 (22),22,Poland,1.87,Right,01.08.2020,BFC Dynamo,30.06.2022,0.250  ,Wis³a P³ock,
26,Cillian Sheridan,Centre forward,23 feb 1989 (32),32,Irlandia,1.96,Left,01.02.2020,Ironi Kiryat Shmona,30.06.2021,0.200  ,Wis³a P³ock,
19,Airam Cabrera,Centre forward,21 oct 1987 (33),33,Spain,1.78,Left,16.10.2020,Extremadura UD,30.06.2021,0.100  ,Wis³a P³ock,
22,Michal Szromnik,Goalkeeper,4 mar 1993 (28),28,Poland,1.9,Left,01.08.2020,Chrobry G³ogów,30.06.2024,0.350  ,Œl¹sk Wroc³aw,
1,Matus Putnocky,Goalkeeper,1 lis 1984 (36),36,Slovakia,1.95,No info,01.07.2019,Lech Poznañ,30.06.2022,0.150  ,Œl¹sk Wroc³aw,
12,Dariusz Szczerbal,Goalkeeper,2 lis 1995 (25),25,Poland,1.9,No info,01.07.2018,Piast ¯migród,30.06.2021,0.50  ,Œl¹sk Wroc³aw,
36,Bartlomiej Frasik,Goalkeeper,1 aug 2001 (19),19,Poland,1.9,Left,07.08.2020,Œl¹sk Wroc³aw II,30.06.2023,0.50  ,Œl¹sk Wroc³aw,
15,Márk Tamás,Centre back,28 oct 1993 (27),27,Hungary,1.92,Left,13.02.2020,Diósgyõri VTK,30.06.2022,0.550  ,Œl¹sk Wroc³aw,
5,Israel Puerto,Centre back,15 jun 1993 (27),27,Spain,1.87,Right,01.07.2019,Recreativo Huelva,30.06.2021,0.500  ,Œl¹sk Wroc³aw,
14,Wojciech Golla,Centre back,12 jan 1992 (29),29,Poland,1.86,Right,01.07.2018,NEC Nijmegen,30.06.2023,0.400  ,Œl¹sk Wroc³aw,
16,Maciej Wilusz,Centre back,25 sep 1988 (32),32,Poland,1.9,Both,22.01.2021,Raków Czêstochowa,30.06.2021,0.300  ,Œl¹sk Wroc³aw,
34,Konrad Poprawa,Centre back,4 jun 1998 (23),23,Poland,1.85,Right,12.07.2017,Œl¹sk Wroc³aw II,30.06.2025,0.300  ,Œl¹sk Wroc³aw,
21,Lukasz Bejger,Centre back,11 jan 2002 (19),19,Poland,1.91,Both,23.01.2021,Manchester United U23,30.06.2025,0.250  ,Œl¹sk Wroc³aw,
3,Piotr Celeban,Centre back,25 jun 1985 (35),35,Poland,1.81,Right,11.07.2014,FC Vaslui (liq.),30.06.2022,0.100  ,Œl¹sk Wroc³aw,
17,Mariusz Pawelec,Centre back,14 apr 1986 (35),35,Poland,1.8,Left,01.07.2008,Górnik £êczna,30.06.2021,0.100  ,Œl¹sk Wroc³aw,
4,Dino Stiglec,Left back,3 oct 1990 (30),30,Croatia,1.9,Left,01.07.2019,NK Olimpija Ljubljana,30.06.2022,0.600  ,Œl¹sk Wroc³aw,
26,Mateusz Mackowiak,Left back,29 may 2001 (20),20,Poland,1.75,No info,20.02.2020,RasenBallsport Leipzig U19,30.06.2023,0.100  ,Œl¹sk Wroc³aw,
19,Patryk Janasik,Right back,25 aug 1997 (23),23,Poland,1.83,Right,01.08.2020,Odra Opole,30.06.2024,0.350  ,Œl¹sk Wroc³aw,
2,Guillermo Cotugno,Right back,12 mar 1995 (26),26,Urugwaj,1.77,Right,30.01.2020,Club Nacional,30.06.2021,0.250  ,Œl¹sk Wroc³aw,
39,Szymon Lewkot,Defensive midfield,18 feb 1999 (22),22,Poland,1.87,Both,01.07.2020,Œl¹sk Wroc³aw II,30.06.2025,0.300  ,Œl¹sk Wroc³aw,
28,Waldemar Sobota,Centre midfield,19 may 1987 (34),34,Poland,1.75,Right,31.07.2020,FC St. Pauli,30.06.2022,0.300  ,Œl¹sk Wroc³aw,
29,Krzysztof Maczynski,Centre midfield,23 may 1987 (34),34,Poland,1.75,Right,19.01.2019,Legia Warszawa,30.06.2023,0.300  ,Œl¹sk Wroc³aw,
31,Maciej Palaszewski,Centre midfield,7 apr 1998 (23),23,Poland,1.75,Right,12.07.2017,Œl¹sk Wroc³aw II,30.06.2022,0.250  ,Œl¹sk Wroc³aw,
37,Mathieu Scalet,Centre midfield,1 apr 1997 (24),24,Poland,1.86,Both,29.05.2020,Œl¹sk Wroc³aw II,30.06.2021,0.200  ,Œl¹sk Wroc³aw,
35,Bartosz Borun,Centre midfield,17 may 2000 (21),21,Poland,1.82,Right,28.03.2019,Œl¹sk Wroc³aw U19,30.06.2022,0.100  ,Œl¹sk Wroc³aw,
8,Mateusz Praszelik,Attacking midfield,26 sep 2000 (20),20,Poland,1.84,Right,01.08.2020,Legia Warszawa,30.06.2024,1.00  ,Œl¹sk Wroc³aw,
7,Robert Pich,Attacking midfield,12 lis 1988 (32),32,Slovakia,1.73,No info,12.01.2017,1.FC Kaiserslautern,30.06.2022,0.400  ,Œl¹sk Wroc³aw,
25,Marcel Zylla,Attacking midfield,14 jan 2000 (21),21,Poland,1.78,Right,08.09.2020,Bayern Monachium II,30.06.2024,0.400  ,Œl¹sk Wroc³aw,
6,Rafal Makowski,Attacking midfield,5 aug 1996 (24),24,Poland,1.91,Right,01.08.2020,Radomiak Radom,30.06.2023,0.300  ,Œl¹sk Wroc³aw,
33,Adrian Lyszczarz,Attacking midfield,22 aug 1999 (21),21,Poland,1.78,Right,08.02.2017,Œl¹sk Wroc³aw II,30.06.2023,0.150  ,Œl¹sk Wroc³aw,
27,Przemyslaw Bargiel,Attacking midfield,26 mar 2000 (21),21,Poland,1.79,Right,02.09.2019,Milan Primavera,30.06.2023,0.100  ,Œl¹sk Wroc³aw,
10,Bartlomiej Pawlowski,Right winger,13 lis 1992 (28),28,Poland,1.78,Right,10.09.2020,Gaziantep FK,30.06.2023,0.600  ,Œl¹sk Wroc³aw,
18,Lubambo Musonda,Right winger,1 mar 1995 (26),26,Zambia,1.71,Both,19.01.2019,Gandzasar Kapan,30.06.2022,0.350  ,Œl¹sk Wroc³aw,
9,Erik Expósito,Centre forward,23 jun 1996 (24),24,Spain,1.9,Left,01.07.2019,Las Palmas Atlético,30.06.2022,0.850  ,Œl¹sk Wroc³aw,
11,Fabian Piasecki,Centre forward,4 may 1995 (26),26,Poland,1.86,Right,04.08.2020,Zag³êbie Sosnowiec,30.06.2024,0.400  ,Œl¹sk Wroc³aw,
32,Sebastian Bergier,Centre forward,20 gru 1999 (21),21,Poland,1.85,Right,23.11.2017,Œl¹sk Wroc³aw II,30.06.2023,0.150  ,Œl¹sk Wroc³aw,
1,Adrian Lis,Goalkeeper,28 may 1992 (29),29,Poland,1.92,Right,01.07.2017,Polonia Œroda Wielkopolska,30.06.2021,0.500  ,Warta Poznañ,
33,Daniel Bielica,Goalkeeper,30 apr 1999 (22),22,Poland,1.89,No info,12.08.2020,Górnik Zabrze,30.06.2021,0.250  ,Warta Poznañ,
27,Jan Wojnowski,Goalkeeper,14 feb 1999 (22),22,Poland,1.89,No info,27.07.2016,Warta Poznañ U19,-,0.50  ,Warta Poznañ,
12,Leo Przybylak,Goalkeeper,28 may 2004 (17),17,Poland,1.92,No info,14.08.2020,Warta Poznañ U19,-,0.25  ,Warta Poznañ,
16,Aleks Lawniczak,Centre back,5 may 1999 (22),22,Poland,1.89,No info,09.07.2019,MiedŸ Legnica II,30.06.2022,0.800  ,Warta Poznañ,
4,Robert Ivanov,Centre back,19 sep 1994 (26),26,Finland,1.97,Right,01.09.2020,FC Honka,30.06.2022,0.350  ,Warta Poznañ,
5,Bartosz Kieliba,Centre back,1 aug 1990 (30),30,Poland,1.88,Right,01.01.2016,Jarota Jarocin,30.06.2023,0.350  ,Warta Poznañ,
32,Maik Nawrocki,Centre back,7 feb 2001 (20),20,Poland,1.9,Both,24.02.2021,SV Werder Bremen II,30.06.2021,0.175  ,Warta Poznañ,
3,Jakub Kielb,Left back,15 jul 1993 (27),27,Poland,1.76,Left,29.07.2016,Jarota Jarocin,30.06.2022,0.350  ,Warta Poznañ,
14,Nikodem Fiedosewicz,Left back,30 may 1998 (23),23,Poland,1.74,Left,01.07.2014,Warta Poznañ U19,30.06.2022,0.100  ,Warta Poznañ,
2,Jan Grzesik,Right back,21 oct 1994 (26),26,Poland,1.78,Right,24.08.2020,£KS £ódŸ,30.06.2022,0.500  ,Warta Poznañ,
13,Jakub Kuzdra,Right back,8 gru 1997 (23),23,Poland,1.78,Right,01.07.2019,Bytovia Bytów,30.06.2021,0.400  ,Warta Poznañ,
23,Mateusz Spychala,Right back,28 jan 1998 (23),23,Poland,1.71,Both,21.08.2020,Korona Kielce,30.06.2022,0.150  ,Warta Poznañ,
30,Bartlomiej Burman,Right back,1 may 2001 (20),20,Poland,1.84,No info,11.01.2021,Nielba W¹growiec,30.06.2022,0.100  ,Warta Poznañ,
21,Mateusz Kupczak,Defensive midfield,20 feb 1992 (29),29,Poland,1.85,Right,17.07.2019,Bruk-Bet Termalica Nieciecza,30.06.2023,0.400  ,Warta Poznañ,
6,Lukasz Tralka,Defensive midfield,11 may 1984 (37),37,Poland,1.86,Right,15.08.2019,Lech Poznañ,30.06.2022,0.250  ,Warta Poznañ,
15,Michal Kopczynski,Defensive midfield,15 jun 1992 (28),28,Poland,1.83,Both,20.08.2020,Arka Gdynia,30.06.2022,0.150  ,Warta Poznañ,
34,Maciej Zurawski,Centre midfield,22 gru 2000 (20),20,Poland,1.84,No info,13.01.2021,Pogoñ Szczecin,30.06.2021,0.500  ,Warta Poznañ,
17,Mateusz Czyzycki,Centre midfield,8 feb 1998 (23),23,Poland,1.74,No info,05.08.2020,Odra Opole,30.06.2022,0.400  ,Warta Poznañ,
22,Robert Janicki,Centre midfield,7 jun 1997 (23),23,Poland,1.76,Right,28.02.2018,Olimpia Grudzi¹dz,30.06.2021,0.350  ,Warta Poznañ,
7,Konrad Handzlik,Attacking midfield,13 feb 1998 (23),23,Poland,1.68,Right,05.08.2020,Olimpia Grudzi¹dz,30.06.2022,0.150  ,Warta Poznañ,
31,Mateusz Sopocko,Attacking midfield,26 jun 1999 (21),21,Poland,1.75,Right,27.01.2021,Lechia Gdañsk,30.06.2022,0.150  ,Warta Poznañ,
28,Makana Baku,Left winger,8 apr 1998 (23),23,Germany,1.77,Right,14.01.2021,Holstein Kiel,30.06.2021,0.900  ,Warta Poznañ,
11,Michal Jakobowski,Left winger,8 sep 1992 (28),28,Poland,1.7,Both,07.01.2019,Bytovia Bytów,30.06.2022,0.400  ,Warta Poznañ,
18,Mario Rodríguez,Left winger,3 mar 1997 (24),24,Spain,1.8,No info,15.09.2020,Recreativo Granada,30.06.2022,0.250  ,Warta Poznañ,
19,Mariusz Rybicki,Right winger,13 mar 1993 (28),28,Poland,1.75,Left,09.07.2019,Odra Opole,30.06.2021,0.150  ,Warta Poznañ,
9,Mateusz Kuzimski,Centre forward,26 jun 1991 (29),29,Poland,1.79,No info,13.08.2020,Chojniczanka Chojnice,30.06.2022,0.500  ,Warta Poznañ,
99,Adam Zrelak,Centre forward,5 may 1994 (27),27,Slovakia,1.83,Left,11.02.2021,1.FC Nürnberg,30.06.2021,0.350  ,Warta Poznañ,
25,Gracjan Jaroch,Centre forward,15 apr 1998 (23),23,Poland,1.72,No info,01.07.2019,Pogoñ Szczecin,30.06.2022,0.250  ,Warta Poznañ,
13,Rafal Straczek,Goalkeeper,12 feb 1999 (22),22,Poland,1.89,No info,01.07.2017,JKS 1909 Jaros³aw,30.06.2022,0.450  ,Stal Mielec,
1,Michal Gliwa,Goalkeeper,8 apr 1988 (33),33,Poland,1.88,Right,03.08.2020,Raków Czêstochowa,30.06.2022,0.150  ,Stal Mielec,
29,Damian Primel,Goalkeeper,16 apr 1992 (29),29,Poland,1.9,Right,01.07.2018,Górnik Polkowice,30.06.2022,0.100  ,Stal Mielec,
21,Mateusz Dudek,Goalkeeper,14 gru 2002 (18),18,Poland,1.82,No info,19.07.2019,Stal Mielec II,30.06.2021,0.25  ,Stal Mielec,
4,Bozhidar Chorbadzhiyski,Centre back,8 aug 1995 (25),25,Bulgaria,1.95,Both,20.10.2020,CSKA-Sofia,30.06.2022,0.300  ,Stal Mielec,
5,Mateusz Zyro,Centre back,28 oct 1998 (22),22,Poland,1.88,Right,05.08.2020,Legia Warszawa,30.06.2022,0.300  ,Stal Mielec,
6,Marcin Flis,Centre back,10 feb 1994 (27),27,Poland,1.86,Left,18.08.2020,Sandecja Nowy S¹cz,30.06.2021,0.300  ,Stal Mielec,
32,Jonathan de Amo,Centre back,13 jan 1990 (31),31,Spain,1.9,No info,17.01.2021,Bruk-Bet Termalica Nieciecza,30.06.2021,0.250  ,Stal Mielec,
14,Kamil Koscielny,Centre back,4 aug 1991 (29),29,Poland,1.85,Right,04.08.2020,Raków Czêstochowa,30.06.2022,0.200  ,Stal Mielec,
15,Wojciech Blyszko,Centre back,5 oct 1999 (21),21,Poland,1.96,Right,07.09.2020,Jagiellonia Bia³ystok,30.06.2021,0.100  ,Stal Mielec,
23,Krystian Getinger,Left back,29 aug 1988 (32),32,Poland,1.85,Left,11.07.2013,Stal Stalowa Wola,30.06.2022,0.250  ,Stal Mielec,
2,Albin Granlund,Right back,1 sep 1989 (31),31,Finland,1.79,Right,07.01.2021,Örebro SK,30.06.2022,0.300  ,Stal Mielec,
11,Szymon Stasik,Right back,4 feb 1999 (22),22,Poland,1.76,No info,09.07.2019,Piast ¯migród,30.06.2021,0.150  ,Stal Mielec,
44,Martin Sus,Right back,15 mar 1990 (31),31,Czech,1.84,No info,04.09.2020,Slezsky FC Opava,30.06.2022,0.150  ,Stal Mielec,
3,Lukasz Seweryn,Right back,29 mar 2002 (19),19,Poland,1.8,Both,01.07.2019,Stadion Slaski Chorzow,30.06.2021,0.100  ,Stal Mielec,
25,Wojciech Lisowski,Right back,10 feb 1992 (29),29,Poland,1.86,Right,01.07.2019,GKS Katowice,30.06.2021,0.100  ,Stal Mielec,
21,Mateusz Matras,Defensive midfield,23 jan 1991 (30),30,Poland,1.93,Right,20.08.2020,Górnik Zabrze,30.06.2021,0.250  ,Stal Mielec,
8,Maciej Urbanczyk,Defensive midfield,2 apr 1995 (26),26,Poland,1.74,No info,31.01.2019,Ruch Chorzów,30.06.2021,0.200  ,Stal Mielec,
20,Grzegorz Tomasiewicz,Centre midfield,5 may 1996 (25),25,Poland,1.7,Both,01.07.2018,Arka Gdynia,30.06.2022,0.300  ,Stal Mielec,
27,Damian Pawlowski,Centre midfield,27 jan 1999 (22),22,Poland,1.85,Right,04.09.2020,Wis³a Kraków,30.06.2021,0.200  ,Stal Mielec,
26,Michael Wyparlo,Centre midfield,25 sep 2003 (17),17,Poland,1.9,Right,27.01.2021,Stal Mielec II,-,0.25  ,Stal Mielec,
12,Adam Kramarz,Right winger,7 aug 2002 (18),18,Poland,1.75,No info,27.04.2019,Stal Mielec II,-,0.50  ,Stal Mielec,
16,Przemyslaw Maj,Right winger,6 apr 2003 (18),18,Poland,1.75,No info,21.11.2020,Stal Mielec II,30.06.2023,0.50  ,Stal Mielec,
7,Maciej Domanski,Attacking midfield,5 sep 1990 (30),30,Poland,1.68,Right,29.01.2020,Raków Czêstochowa,30.06.2022,0.400  ,Stal Mielec,
17,Petteri Forsell,Attacking midfield,16 oct 1990 (30),30,Finland,1.7,Both,10.08.2020,Korona Kielce,30.06.2021,0.300  ,Stal Mielec,
9,Andreja Prokiæ,Left winger,9 apr 1989 (32),32,Serbia,1.78,Left,01.07.2018,GKS Katowice,30.06.2021,0.250  ,Stal Mielec,
96,Robert Dadok,Left winger,24 gru 1996 (24),24,Poland,1.81,Left,10.01.2020,Stal Stalowa Wola,30.06.2021,0.250  ,Stal Mielec,
10,Mateusz Mak,Right winger,14 lis 1991 (29),29,Poland,1.78,Right,30.07.2019,Piast Gliwice,30.06.2022,0.350  ,Stal Mielec,
19,Kacper Sadlocha,Centre forward,1 gru 2002 (18),18,Poland,1.73,Both,20.01.2020,RC Lens U19,30.06.2022,0.200  ,Stal Mielec,
99,Lukasz Zjawinski,Centre forward,11 jul 2001 (19),19,Poland,1.93,No info,08.08.2020,Legia Warszawa II,30.06.2023,0.400  ,Stal Mielec,
77,Maciej Jankowski,Centre forward,4 jan 1990 (31),31,Poland,1.81,Right,08.01.2021,Arka Gdynia,30.06.2021,0.250  ,Stal Mielec,
92,Aleksandar Kolev,Centre forward,8 gru 1992 (28),28,Bulgaria,1.91,Left,05.01.2021,Kaysar Kyzylorda,30.06.2021,0.250  ,Stal Mielec,
18,Bartosz Bajorek,Centre forward,22 jan 2004 (17),17,Poland,1.8,No info,28.02.2019,Stal Mielec U19,31.12.2021,0.25  ,Stal Mielec,
1,Martin Polacek,Goalkeeper,2 apr 1990 (31),31,Slovakia,1.99,Right,06.07.2019,Bez klubu,30.06.2022,0.100  ,Podbeskidzie Bielsko-Bia³a,
40,Michal Peskovic,Goalkeeper,8 feb 1982 (39),39,Slovakia,1.88,Right,03.11.2020,Cracovia,30.06.2022,0.50  ,Podbeskidzie Bielsko-Bia³a,
43,Krystian Wieczorek,Goalkeeper,22 jul 2002 (18),18,Poland,1.91,No info,28.01.2021,Podbeskidzie Bielsko-Biala II,-,0.25  ,Podbeskidzie Bielsko-Bia³a,
26,Rafal Janicki,Centre back,5 jul 1992 (28),28,Poland,1.88,Right,01.01.2021,Wis³a Kraków,30.06.2022,0.250  ,Podbeskidzie Bielsko-Bia³a,
4,Milan Rundic,Centre back,29 mar 1992 (29),29,Serbia,1.88,Left,08.08.2020,MFK Karvina,30.06.2022,0.200  ,Podbeskidzie Bielsko-Bia³a,
28,Kornel Osyra,Centre back,7 feb 1993 (28),28,Poland,1.9,Right,06.07.2019,MiedŸ Legnica,30.06.2021,0.150  ,Podbeskidzie Bielsko-Bia³a,
20,Dmytro Bashlay,Centre back,25 apr 1990 (31),31,Ukraine,1.9,Right,06.07.2019,Arsena³ Kijów,30.06.2021,0.100  ,Podbeskidzie Bielsko-Bia³a,
6,Petar Mamic,Left back,6 mar 1996 (25),25,Croatia,1.83,Left,09.01.2021,Raków Czêstochowa,30.06.2021,0.200  ,Podbeskidzie Bielsko-Bia³a,
37,Marco Tulio,Left back,31 may 1998 (23),23,Brazil,1.83,Left,24.02.2021,FK Mlada Boleslav,30.06.2021,0.200  ,Podbeskidzie Bielsko-Bia³a,
24,David Niepsuj,Right back,16 aug 1995 (25),25,Poland,1.83,Right,11.02.2021,Wis³a Kraków,30.06.2021,0.250  ,Podbeskidzie Bielsko-Bia³a,
2,Filip Modelski,Right back,28 sep 1992 (28),28,Poland,1.8,Right,07.02.2018,Bytovia Bytów,30.06.2021,0.200  ,Podbeskidzie Bielsko-Bia³a,
15,Jakub Bieronski,Defensive midfield,18 apr 2003 (18),18,Poland,1.88,Right,14.09.2018,Podbeskidzie Bielsko-Biala U19,30.06.2021,0.250  ,Podbeskidzie Bielsko-Bia³a,
19,Michal Rzuchowski,Defensive midfield,27 gru 1993 (27),27,Poland,1.76,Right,02.07.2018,Bytovia Bytów,30.06.2021,0.250  ,Podbeskidzie Bielsko-Bia³a,
21,Gergõ Kocsis,Defensive midfield,7 mar 1994 (27),27,Hungary,1.88,Right,20.07.2020,Zalaegerszegi TE FC,30.06.2022,0.200  ,Podbeskidzie Bielsko-Bia³a,
44,Dominik Frelek,Defensive midfield,11 oct 2001 (19),19,Poland,1.83,Right,19.08.2020,Olimpia Grudzi¹dz,30.06.2023,0.150  ,Podbeskidzie Bielsko-Bia³a,
77,Konrad Gutowski,Left winger,22 mar 1999 (22),22,Poland,1.81,Right,05.10.2020,Widzew £ódŸ II,30.06.2022,0.150  ,Podbeskidzie Bielsko-Bia³a,
23,Jakub Hora,Attacking midfield,23 feb 1991 (30),30,Czech,1.76,Right,14.01.2021,FK Teplice,30.06.2021,0.450  ,Podbeskidzie Bielsko-Bia³a,
10,Desley Ubbink,Attacking midfield,15 jun 1993 (27),27,Netherlands,1.83,Right,25.10.2019,Bez klubu,30.06.2021,0.200  ,Podbeskidzie Bielsko-Bia³a,
17,Mateusz Marzec,Attacking midfield,13 aug 1994 (26),26,Poland,1.78,No info,01.01.2020,GKS Be³chatów,31.12.2022,0.200  ,Podbeskidzie Bielsko-Bia³a,
11,Lukasz Sierpina,Left winger,27 mar 1988 (33),33,Poland,1.74,Left,01.07.2016,Korona Kielce,30.06.2021,0.250  ,Podbeskidzie Bielsko-Bia³a,
50,Maksymilian Sitek,Right winger,4 gru 2000 (20),20,Poland,1.74,Right,16.08.2020,Legia Warszawa II,30.06.2023,0.350  ,Podbeskidzie Bielsko-Bia³a,
8,Karol Danielak,Right winger,29 sep 1991 (29),29,Poland,1.7,Right,01.07.2019,Arka Gdynia,30.06.2021,0.250  ,Podbeskidzie Bielsko-Bia³a,
32,Sergiy Myakushko,Right winger,15 apr 1993 (28),28,Ukraine,1.7,Both,01.10.2020,AD Alcorcón,30.06.2021,0.200  ,Podbeskidzie Bielsko-Bia³a,
9,Kamil Bilinski,Centre forward,23 jan 1988 (33),33,Poland,1.81,Right,06.02.2020,Ryga FC,30.06.2021,0.350  ,Podbeskidzie Bielsko-Bia³a,
14,Peter Wilson,Centre forward,9 oct 1996 (24),24,Liberia,1.82,Right,05.02.2021,FC Sheriff Tyraspol,30.06.2021,0.300  ,Podbeskidzie Bielsko-Bia³a,
95,Marko Roginic,Centre forward,5 sep 1995 (25),25,Croatia,1.88,No info,21.01.2019,NK Nafta 1903,30.06.2022,0.250  ,Podbeskidzie Bielsko-Bia³a,
53,Bartlomiej Krecichwost,Centre forward,13 aug 1999 (21),21,Poland,,No info,09.04.2021,Podbeskidzie Bielsko-Biala II,-,0.100  ,Podbeskidzie Bielsko-Bia³a,
